success,total,prop
20,33,0.6060606060606061
11,33,0.3333333333333333
3,33,0.09090909090909091
